# p_finalprobe run1 (job 46164147), pool markers in MiB
# marker	pool_used	pool_reserved
keys_created	40498.1	40608
bootstrapping_prepared	40498.1	40608
before_attention	68146.1	94400
inputs_prepared	68146.1	94400
after_attention	69682.1	94400
after_selfoutput	58930.1	94400
after_bootstrap1	74290.1	94400
after_layernorm1	75058.1	95808
after_bootstrap2	65842.1	95808
before_intermediate	65842.1	95808
after_intermediate	93490.1	100768
after_gelu	99634.1	108384
final_entry	71986.1	108384
final_i0	71991.2	108384
final_i8	72039.2	108384
final_i16	72087.2	108384
final_i24	72135.2	108384
final_i32	72183.2	108384
final_i40	72231.2	108384
final_i48	72279.2	108384
final_i56	72327.2	108384
final_i64	72375.2	108384
final_i72	72423.2	108384
final_i80	72471.2	108384
final_i88	72519.2	108384
final_i96	72567.2	108384
final_i104	72615.2	108384
final_i112	72663.2	108384
final_i120	72711.2	108384
after_final	72754.1	108384
after_bootstrap3	88114.1	108736
after_layernorm2	88882.1	123232
after_bootstrap4	80434.1	123232
