step_id,lever,impl_fingerprint,pool_attacked,pool_required,peak_vram,delta_vram,overhead_vram,w_vram,peak_host,delta_host,overhead_host,w_host,n_runs,peak_host_min,peak_host_max,spread_host_pct,peak_host_other,peak_party,decomposed_party,cross_pool,object_targeted,object_size,object_frac_of_attributed,object_source,unattributed_vram,unattributed_host,named_frac_vram,named_frac_host,peak_anon,sum_heap,object_vs_unnamed,wall_s,frozen_ms,wall_spread_pct,runtime_delta_pct,cost_type,comm_bytes,comm_rounds,correctness_gate,conformant,object_attacked,object_required,object_conformant,evidence
s0_default,,image:moai-gpu-s0_default.sif,,,136544256,,0,5.4,3338812,,104868,175.45,1,3367488,3367488,,,,,,heap:PhantomCKKSEncoder::PhantomCKKSEncoder(PhantomContext const&)  <- fft.cu:12:phantom::util::ComplexRoots::ComplexRoots(unsigned long),1418300,0.4246,pagemap+smaps,0.1281,,0.8719,0.9478,175920,3059528,8.06,3621,71974,,,,,,baseline,baseline,,,,"per_party_reserved_kb=136544256; instrument subtracted: 28676 kB of recorder table removed from the host peak, so this single run reports what the program alone held; frozen 71974 ms of 3621 s wall (1.99%) for atomic captures, both from the median replicate; runtime compared on the median of the replicates' own corrected walls, 3549.0 s over n=1; attributed 3368992 kB exceeds the 3338812 kB resident peak (1.01x): allocated-vs-resident rather than coverage"
s1_complexroots_free,,image:moai-gpu-s1_complexroots_free.sif,host,host,135888896,-655360,0,5.38,2105804,-1233008,104944,108.55,1,2134480,2134480,,,,,no,"heap:Bootstrapper::genorigcoeff()  <- vector.tcc:648:std::vector<std::complex<double>, std::allocator<std::complex<double> > >::_M_default_append(unsigned long)",23220,0.011,pagemap+smaps,0.1239,,0.8761,0.0782,1940992,59752,0.01,3515,41822,,-2.1,undetermined,,,pass,yes,PhantomCKKSEncoder::PhantomCKKSEncoder,heap:PhantomCKKSEncoder::PhantomCKKSEncoder(PhantomContext const&)  <- fft.cu:12:phantom::util::ComplexRoots::ComplexRoots(unsigned long),yes,"per_party_reserved_kb=135888896; instrument subtracted: 28676 kB of recorder table removed from the host peak, so this single run reports what the program alone held; frozen 41822 ms of 3515 s wall (1.19%) for atomic captures, both from the median replicate; runtime compared on the median of the replicates' own corrected walls, 3473.2 s over n=1; runtime moved -2.1% and this system runs one replicate, so there is no measured spread to judge it against and free-vs-paid is UNDETERMINED. Declare it in levers.env as `# cost_class: free` or `paid` with the argument; an empty class would be an unstated claim; attributed 2134364 kB exceeds the 2105804 kB resident peak (1.01x): allocated-vs-resident rather than coverage; targeted object 23.8 MB is smaller than the 1987.6 MB of located-but-unnamed memory at this peak: past this point the peak is not made of nameable objects; STRUCTURAL gate (T1s): the observable shows the step left the structure of the computation unchanged; it cannot see a change confined to values, and on this system no value observable can"
s2_boot_input_release,,image:moai-gpu-s2_boot_input_release.sif,vram,host,124026880,-11862016,0,4.91,2105564,-240,104988,108.54,1,2134240,2134240,,,,,no,"secretkey.cu:275:PhantomSecretKey::encrypt_zero_symmetric(PhantomContext const&, PhantomCiphertext&, unsigned char const*, unsigned long, bool, CUstream_st* const&) const  <- cuda_wrapper.cuh:210:phantom::util::cuda_auto_ptr<unsigned long> phantom::util::make_cuda_auto_ptr<unsigned long>(unsigned long, CUstream_st* const&)",41324544,0.3815,cuda_alloc,0.1266,,0.8734,0.0782,1940744,59716,,3515,39867,,0.1,free,,,pass,yes-skipped,mod_switch_to_next,"secretkey.cu:275:PhantomSecretKey::encrypt_zero_symmetric(PhantomContext const&, PhantomCiphertext&, unsigned char const*, unsigned long, bool, CUstream_st* const&) const  <- cuda_wrapper.cuh:210:phantom::util::cuda_auto_ptr<unsigned long> phantom::util::make_cuda_auto_ptr<unsigned long>(unsigned long, CUstream_st* const&)",yes-skipped,"per_party_reserved_kb=124026880; instrument subtracted: 28676 kB of recorder table removed from the host peak, so this single run reports what the program alone held; frozen 39867 ms of 3515 s wall (1.13%) for atomic captures, both from the median replicate; runtime compared on the median of the replicates' own corrected walls, 3475.1 s over n=1; cost class 'free' is DECLARED rather than measured: this system runs one replicate, so there is no wall spread to judge the +0.1% runtime change against. The argument for it is in this step's levers.env and carries the whole weight the measurement would otherwise carry; attributed 2134124 kB exceeds the 2105564 kB resident peak (1.01x): allocated-vs-resident rather than coverage; the peak fell 240 kB but the attacked object's row fell only -22528 kB: the rest of the drop landed outside the declared object, or the row merges more than one object (the b3/b8 merge hazard); read the row's callers before treating it as exhausted; STRUCTURAL gate (T1s): the observable shows the step left the structure of the computation unchanged; it cannot see a change confined to values, and on this system no value observable can; pool 'host' had the larger W and was declared skipped; its disposition and mechanism must be in off-path.md; larger object 'secretkey.cu:275:PhantomSecretKey::encrypt_zero_symmetric(Ph' declared skipped, so this step attacks the largest one with a free fix; the disposition and its mechanism must be in off-path.md"
s3_boot_layer_release,,image:moai-gpu-s3_boot_layer_release.sif,vram,host,111050752,-12976128,0,4.4,2110156,4592,107312,108.66,1,2138832,2138832,,,,,yes,"secretkey.cu:275:PhantomSecretKey::encrypt_zero_symmetric(PhantomContext const&, PhantomCiphertext&, unsigned char const*, unsigned long, bool, CUstream_st* const&) const  <- cuda_wrapper.cuh:210:phantom::util::cuda_auto_ptr<unsigned long> phantom::util::make_cuda_auto_ptr<unsigned long>(unsigned long, CUstream_st* const&)",41324544,0.401,cuda_alloc,0.0721,,0.9279,0.8305,357268,1645232,,3517,46775,,-0.1,free,,,pass,yes-skipped,test.cu:70:main <- test_single_layer.cuh:868:single_layer_test(),"secretkey.cu:275:PhantomSecretKey::encrypt_zero_symmetric(PhantomContext const&, PhantomCiphertext&, unsigned char const*, unsigned long, bool, CUstream_st* const&) const  <- cuda_wrapper.cuh:210:phantom::util::cuda_auto_ptr<unsigned long> phantom::util::make_cuda_auto_ptr<unsigned long>(unsigned long, CUstream_st* const&)",yes-skipped,"per_party_reserved_kb=111050752; instrument subtracted: 28676 kB of recorder table removed from the host peak, so this single run reports what the program alone held; frozen 46775 ms of 3517 s wall (1.33%) for atomic captures, both from the median replicate; runtime compared on the median of the replicates' own corrected walls, 3470.2 s over n=1; cost class 'free' is DECLARED rather than measured: this system runs one replicate, so there is no wall spread to judge the -0.1% runtime change against. The argument for it is in this step's levers.env and carries the whole weight the measurement would otherwise carry; attributed 2138488 kB exceeds the 2110156 kB resident peak (1.01x): allocated-vs-resident rather than coverage; STRUCTURAL gate (T1s): the observable shows the step left the structure of the computation unchanged; it cannot see a change confined to values, and on this system no value observable can; pool 'host' had the larger W and was declared skipped; its disposition and mechanism must be in off-path.md; larger object 'secretkey.cu:275:PhantomSecretKey::encrypt_zero_symmetric(Ph' declared skipped, so this step attacks the largest one with a free fix; the disposition and its mechanism must be in off-path.md"
s5_park_input_chunk_ffn,,image:moai-gpu-s5_park_input_chunk_ffn.sif,vram,host,109117440,-1933312,0,4.32,2170308,60152,104956,112.05,1,2198984,2198984,,,,,yes,"secretkey.cu:275:PhantomSecretKey::encrypt_zero_symmetric(PhantomContext const&, PhantomCiphertext&, unsigned char const*, unsigned long, bool, CUstream_st* const&) const  <- cuda_wrapper.cuh:210:phantom::util::cuda_auto_ptr<unsigned long> phantom::util::make_cuda_auto_ptr<unsigned long>(unsigned long, CUstream_st* const&)",41324544,0.4501,cuda_alloc,0.1586,,0.8414,0.8467,332632,1732548,,3539,40821,,0.8,paid,,,pass,yes-skipped,test.cu:70:main,"secretkey.cu:275:PhantomSecretKey::encrypt_zero_symmetric(PhantomContext const&, PhantomCiphertext&, unsigned char const*, unsigned long, bool, CUstream_st* const&) const  <- cuda_wrapper.cuh:210:phantom::util::cuda_auto_ptr<unsigned long> phantom::util::make_cuda_auto_ptr<unsigned long>(unsigned long, CUstream_st* const&)",yes-skipped,"per_party_reserved_kb=109117440; instrument subtracted: 28676 kB of recorder table removed from the host peak, so this single run reports what the program alone held; frozen 40821 ms of 3539 s wall (1.15%) for atomic captures, both from the median replicate; runtime compared on the median of the replicates' own corrected walls, 3498.2 s over n=1; cost class 'paid' is DECLARED rather than measured: this system runs one replicate, so there is no wall spread to judge the +0.8% runtime change against. The argument for it is in this step's levers.env and carries the whole weight the measurement would otherwise carry; attributed 2198812 kB exceeds the 2170308 kB resident peak (1.01x): allocated-vs-resident rather than coverage; STRUCTURAL gate (T1s): the observable shows the step left the structure of the computation unchanged; it cannot see a change confined to values, and on this system no value observable can; pool 'host' had the larger W and was declared skipped; its disposition and mechanism must be in off-path.md; larger object 'secretkey.cu:275:PhantomSecretKey::encrypt_zero_symmetric(Ph' declared skipped, so this step attacks the largest one with a free fix; the disposition and its mechanism must be in off-path.md"
s6_stream_boot23,,image:moai-gpu-s6_stream_boot23.sif,vram,host,85229568,-23887872,0,3.37,2173184,2876,107360,112.08,1,2201860,2201860,,,,,yes,"secretkey.cu:275:PhantomSecretKey::encrypt_zero_symmetric(PhantomContext const&, PhantomCiphertext&, unsigned char const*, unsigned long, bool, CUstream_st* const&) const  <- cuda_wrapper.cuh:210:phantom::util::cuda_auto_ptr<unsigned long> phantom::util::make_cuda_auto_ptr<unsigned long>(unsigned long, CUstream_st* const&)",41324544,0.5322,cuda_alloc,0.0889,,0.9111,0.1066,1941532,124228,,3508,36759,,-0.8,paid,,,pass,yes-skipped,evaluate.cu:1555:mod_switch_to_next,"secretkey.cu:275:PhantomSecretKey::encrypt_zero_symmetric(PhantomContext const&, PhantomCiphertext&, unsigned char const*, unsigned long, bool, CUstream_st* const&) const  <- cuda_wrapper.cuh:210:phantom::util::cuda_auto_ptr<unsigned long> phantom::util::make_cuda_auto_ptr<unsigned long>(unsigned long, CUstream_st* const&)",yes-skipped,"per_party_reserved_kb=85229568; instrument subtracted: 28676 kB of recorder table removed from the host peak, so this single run reports what the program alone held; frozen 36759 ms of 3508 s wall (1.05%) for atomic captures, both from the median replicate; runtime compared on the median of the replicates' own corrected walls, 3471.2 s over n=1; cost class 'paid' is DECLARED rather than measured: this system runs one replicate, so there is no wall spread to judge the -0.8% runtime change against. The argument for it is in this step's levers.env and carries the whole weight the measurement would otherwise carry; attributed 2201796 kB exceeds the 2173184 kB resident peak (1.01x): allocated-vs-resident rather than coverage; STRUCTURAL gate (T1s): the observable shows the step left the structure of the computation unchanged; it cannot see a change confined to values, and on this system no value observable can; pool 'host' had the larger W and was declared skipped; its disposition and mechanism must be in off-path.md; larger object 'secretkey.cu:275:PhantomSecretKey::encrypt_zero_symmetric(Ph' declared skipped, so this step attacks the largest one with a free fix; the disposition and its mechanism must be in off-path.md"
s8_stream_boot1_ln1,,image:moai-gpu-s8_stream_boot1_ln1.sif,vram,host,82345984,-2883584,0,3.26,2175392,2208,107392,112.2,1,2204068,2204068,,,,,yes,"secretkey.cu:275:PhantomSecretKey::encrypt_zero_symmetric(PhantomContext const&, PhantomCiphertext&, unsigned char const*, unsigned long, bool, CUstream_st* const&) const  <- cuda_wrapper.cuh:210:phantom::util::cuda_auto_ptr<unsigned long> phantom::util::make_cuda_auto_ptr<unsigned long>(unsigned long, CUstream_st* const&)",41324544,0.5983,cuda_alloc,0.1612,,0.8388,0.8468,333272,1734664,,3520,39450,,0.3,paid,,,pass,yes-skipped,test_single_layer.cuh:768:single_layer_test(),"secretkey.cu:275:PhantomSecretKey::encrypt_zero_symmetric(PhantomContext const&, PhantomCiphertext&, unsigned char const*, unsigned long, bool, CUstream_st* const&) const  <- cuda_wrapper.cuh:210:phantom::util::cuda_auto_ptr<unsigned long> phantom::util::make_cuda_auto_ptr<unsigned long>(unsigned long, CUstream_st* const&)",yes-skipped,"per_party_reserved_kb=82345984; instrument subtracted: 28676 kB of recorder table removed from the host peak, so this single run reports what the program alone held; frozen 39450 ms of 3520 s wall (1.12%) for atomic captures, both from the median replicate; runtime compared on the median of the replicates' own corrected walls, 3480.6 s over n=1; cost class 'paid' is DECLARED rather than measured: this system runs one replicate, so there is no wall spread to judge the +0.3% runtime change against. The argument for it is in this step's levers.env and carries the whole weight the measurement would otherwise carry; attributed 2204004 kB exceeds the 2175392 kB resident peak (1.01x): allocated-vs-resident rather than coverage; STRUCTURAL gate (T1s): the observable shows the step left the structure of the computation unchanged; it cannot see a change confined to values, and on this system no value observable can; pool 'host' had the larger W and was declared skipped; its disposition and mechanism must be in off-path.md; larger object 'secretkey.cu:275:PhantomSecretKey::encrypt_zero_symmetric(Ph' declared skipped, so this step attacks the largest one with a free fix; the disposition and its mechanism must be in off-path.md"
s9_stream_boot4,,image:moai-gpu-s9_stream_boot4.sif,vram,host,77135872,-5210112,0,3.05,2173832,-1560,104996,112.24,1,2202508,2202508,,,,,no,"secretkey.cu:275:PhantomSecretKey::encrypt_zero_symmetric(PhantomContext const&, PhantomCiphertext&, unsigned char const*, unsigned long, bool, CUstream_st* const&) const  <- cuda_wrapper.cuh:210:phantom::util::cuda_auto_ptr<unsigned long> phantom::util::make_cuda_auto_ptr<unsigned long>(unsigned long, CUstream_st* const&)",41324544,0.5983,cuda_alloc,0.1045,,0.8955,0.1054,1944568,124204,,3557,39991,,1.0,paid,,,pass,yes-skipped,test_single_layer.cuh:1291:single_layer_test(),"secretkey.cu:275:PhantomSecretKey::encrypt_zero_symmetric(PhantomContext const&, PhantomCiphertext&, unsigned char const*, unsigned long, bool, CUstream_st* const&) const  <- cuda_wrapper.cuh:210:phantom::util::cuda_auto_ptr<unsigned long> phantom::util::make_cuda_auto_ptr<unsigned long>(unsigned long, CUstream_st* const&)",yes-skipped,"per_party_reserved_kb=77135872; instrument subtracted: 28676 kB of recorder table removed from the host peak, so this single run reports what the program alone held; frozen 39991 ms of 3557 s wall (1.12%) for atomic captures, both from the median replicate; runtime compared on the median of the replicates' own corrected walls, 3517.0 s over n=1; cost class 'paid' is DECLARED rather than measured: this system runs one replicate, so there is no wall spread to judge the +1.0% runtime change against. The argument for it is in this step's levers.env and carries the whole weight the measurement would otherwise carry; attributed 2202444 kB exceeds the 2173832 kB resident peak (1.01x): allocated-vs-resident rather than coverage; STRUCTURAL gate (T1s): the observable shows the step left the structure of the computation unchanged; it cannot see a change confined to values, and on this system no value observable can; pool 'host' had the larger W and was declared skipped; its disposition and mechanism must be in off-path.md; larger object 'secretkey.cu:275:PhantomSecretKey::encrypt_zero_symmetric(Ph' declared skipped, so this step attacks the largest one with a free fix; the disposition and its mechanism must be in off-path.md"
s12_ffn_threads,,image:moai-gpu-s12_ffn_threads.sif,vram,host,71761920,-5373952,0,2.84,2116008,-57824,104876,109.11,1,2144684,2144684,,,,,no,"secretkey.cu:275:PhantomSecretKey::encrypt_zero_symmetric(PhantomContext const&, PhantomCiphertext&, unsigned char const*, unsigned long, bool, CUstream_st* const&) const  <- cuda_wrapper.cuh:210:phantom::util::cuda_auto_ptr<unsigned long> phantom::util::make_cuda_auto_ptr<unsigned long>(unsigned long, CUstream_st* const&)",41324544,0.5983,cuda_alloc,0.0375,,0.9625,0.8426,333028,1678040,,3574,39258,,0.5,paid,,,pass,yes-skipped,test_single_layer.cuh:1024:single_layer_test(),"secretkey.cu:275:PhantomSecretKey::encrypt_zero_symmetric(PhantomContext const&, PhantomCiphertext&, unsigned char const*, unsigned long, bool, CUstream_st* const&) const  <- cuda_wrapper.cuh:210:phantom::util::cuda_auto_ptr<unsigned long> phantom::util::make_cuda_auto_ptr<unsigned long>(unsigned long, CUstream_st* const&)",yes-skipped,"per_party_reserved_kb=71761920; instrument subtracted: 28676 kB of recorder table removed from the host peak, so this single run reports what the program alone held; frozen 39258 ms of 3574 s wall (1.10%) for atomic captures, both from the median replicate; runtime compared on the median of the replicates' own corrected walls, 3534.7 s over n=1; cost class 'paid' is DECLARED rather than measured: this system runs one replicate, so there is no wall spread to judge the +0.5% runtime change against. The argument for it is in this step's levers.env and carries the whole weight the measurement would otherwise carry; attributed 2144620 kB exceeds the 2116008 kB resident peak (1.01x): allocated-vs-resident rather than coverage; STRUCTURAL gate (T1s): the observable shows the step left the structure of the computation unchanged; it cannot see a change confined to values, and on this system no value observable can; pool 'host' had the larger W and was declared skipped; its disposition and mechanism must be in off-path.md; larger object 'secretkey.cu:275:PhantomSecretKey::encrypt_zero_symmetric(Ph' declared skipped, so this step attacks the largest one with a free fix; the disposition and its mechanism must be in off-path.md"
s13_park_encx_softmax,,image:moai-gpu-s13_park_encx_softmax.sif,vram,host,69173248,-2588672,0,2.74,2116924,916,107304,109.03,1,2145600,2145600,,,,,yes,"secretkey.cu:275:PhantomSecretKey::encrypt_zero_symmetric(PhantomContext const&, PhantomCiphertext&, unsigned char const*, unsigned long, bool, CUstream_st* const&) const  <- cuda_wrapper.cuh:210:phantom::util::cuda_auto_ptr<unsigned long> phantom::util::make_cuda_auto_ptr<unsigned long>(unsigned long, CUstream_st* const&)",41324544,0.5983,cuda_alloc,0.0015,,0.9985,0.0832,1940692,68812,,3644,39330,,2.0,paid,,,pass,yes-skipped,single_att_block.cuh:ct_pt_matrix_mul_wo_pre(enc_X_v),"secretkey.cu:275:PhantomSecretKey::encrypt_zero_symmetric(PhantomContext const&, PhantomCiphertext&, unsigned char const*, unsigned long, bool, CUstream_st* const&) const  <- cuda_wrapper.cuh:210:phantom::util::cuda_auto_ptr<unsigned long> phantom::util::make_cuda_auto_ptr<unsigned long>(unsigned long, CUstream_st* const&)",yes-skipped,"per_party_reserved_kb=69173248; instrument subtracted: 28676 kB of recorder table removed from the host peak, so this single run reports what the program alone held; frozen 39330 ms of 3644 s wall (1.08%) for atomic captures, both from the median replicate; runtime compared on the median of the replicates' own corrected walls, 3604.7 s over n=1; cost class 'paid' is DECLARED rather than measured: this system runs one replicate, so there is no wall spread to judge the +2.0% runtime change against. The argument for it is in this step's levers.env and carries the whole weight the measurement would otherwise carry; attributed 2145484 kB exceeds the 2116924 kB resident peak (1.01x): allocated-vs-resident rather than coverage; STRUCTURAL gate (T1s): the observable shows the step left the structure of the computation unchanged; it cannot see a change confined to values, and on this system no value observable can; pool 'host' had the larger W and was declared skipped; its disposition and mechanism must be in off-path.md; larger object 'secretkey.cu:275:PhantomSecretKey::encrypt_zero_symmetric(Ph' declared skipped, so this step attacks the largest one with a free fix; the disposition and its mechanism must be in off-path.md"
